,rank,title,rating_star,rating_num,comments
0,1,肖申克的救赎,5,9.7,2817030
1,2,霸王别姬,5,9.6,2083403
2,3,阿甘正传,5,9.5,2109447
3,4,泰坦尼克号,5,9.5,2073224
4,5,这个杀手不太冷,45,9.4,2244171
5,6,美丽人生,5,9.6,1296253
6,7,千与千寻,45,9.4,2185636
7,8,辛德勒的名单,5,9.6,1079923
8,9,盗梦空间,45,9.4,2015284
9,10,星际穿越,45,9.4,1778221
10,11,楚门的世界,45,9.4,1650271
11,12,忠犬八公的故事,45,9.4,1368230
12,13,海上钢琴师,45,9.3,1641134
13,14,三傻大闹宝莱坞,45,9.2,1819198
14,15,放牛班的春天,45,9.3,1282436
15,16,机器人总动员,45,9.3,1287450
16,17,无间道,45,9.3,1326258
17,18,疯狂动物城,45,9.2,1877131
18,19,控方证人,5,9.6,532206
19,20,大话西游之大圣娶亲,45,9.2,1498226
20,21,熔炉,45,9.4,911650
21,22,教父,45,9.3,941210
22,23,当幸福来敲门,45,9.2,1486285
23,24,触不可及,45,9.3,1081216
24,25,怦然心动,45,9.1,1790705
25,26,龙猫,45,9.2,1235062
26,27,末代皇帝,45,9.3,852469
27,28,寻梦环游记,45,9.1,1626627
28,29,活着,45,9.3,820844
29,30,蝙蝠侠：黑暗骑士,45,9.2,1031153
30,31,哈利·波特与魔法石,45,9.2,1152738
31,32,指环王3：王者无敌,45,9.3,783276
32,33,乱世佳人,45,9.3,673851
33,34,我不是药神,45,9.0,2049993
34,35,素媛,45,9.3,669706
35,36,飞屋环游记,45,9.1,1293324
36,37,何以为家,45,9.1,1019874
37,38,十二怒汉,45,9.4,475325
38,39,摔跤吧！爸爸,45,9.0,1535467
39,40,哈尔的移动城堡,45,9.1,993711
40,41,鬼子来了,45,9.3,610915
41,42,少年派的奇幻漂流,45,9.1,1322856
42,43,让子弹飞,45,9.0,1657284
43,44,猫鼠游戏,45,9.1,989921
44,45,海蒂和爷爷,45,9.3,582437
45,46,钢琴家,45,9.3,616392
46,47,大话西游之月光宝盒,45,9.0,1193397
47,48,天空之城,45,9.2,800124
48,49,指环王2：双塔奇兵,45,9.2,733573
49,50,闻香识女人,45,9.1,857673
50,51,天堂电影院,45,9.2,666398
51,52,罗马假日,45,9.1,929258
52,53,死亡诗社,45,9.2,701202
53,54,绿皮书,45,8.9,1602844
54,55,大闹天宫,45,9.4,423911
55,56,指环王1：护戒使者,45,9.1,825720
56,57,黑客帝国,45,9.1,818298
57,58,教父2,45,9.3,536584
58,59,狮子王,45,9.1,816467
59,60,辩护人,45,9.2,577339
60,61,饮食男女,45,9.2,604412
61,62,搏击俱乐部,45,9.0,826920
62,63,美丽心灵,45,9.1,751217
63,64,本杰明·巴顿奇事,45,9.0,960753
64,65,穿条纹睡衣的男孩,45,9.2,547643
65,66,窃听风暴,45,9.2,550716
66,67,情书,45,8.9,1081099
67,68,两杆大烟枪,45,9.1,582501
68,69,西西里的美丽传说,45,8.9,952216
69,70,音乐之声,45,9.1,586757
70,71,看不见的客人,45,8.8,1225774
71,72,阿凡达,45,8.8,1388822
72,73,拯救大兵瑞恩,45,9.1,631984
73,74,飞越疯人院,45,9.1,535517
74,75,小鞋子,45,9.2,400823
75,76,哈利·波特与死亡圣器(下),45,9.0,807566
76,77,沉默的羔羊,45,8.9,865220
77,78,禁闭岛,45,8.9,948997
78,79,布达佩斯大饭店,45,8.9,903390
79,80,致命魔术,45,8.9,836984
80,81,蝴蝶效应,45,8.9,914117
81,82,海豚湾,45,9.3,351741
82,83,功夫,45,8.8,1088153
83,84,心灵捕手,45,8.9,690482
84,85,美国往事,45,9.2,402148
85,86,低俗小说,45,8.9,812716
86,87,哈利·波特与阿兹卡班的囚徒,45,8.9,702727
87,88,摩登时代,45,9.3,292553
88,89,春光乍泄,45,9.0,613803
89,90,超脱,45,9.0,574062
90,91,喜剧之王,45,8.8,944944
91,92,致命ID,45,8.9,800769
92,93,七宗罪,45,8.8,923654
93,94,杀人回忆,45,8.9,691679
94,95,红辣椒,45,9.1,447820
95,96,加勒比海盗,45,8.8,836951
96,97,哈利·波特与密室,45,8.8,730006
97,98,狩猎,45,9.1,378820
98,99,被嫌弃的松子的一生,45,8.9,689539
99,100,7号房的礼物,45,8.9,544158
